names,captions,is_open,address,postalcodes,regions,descriptions
Bardi's Steak House,"Steakhouse, American Cuisine, Extensive Wine List, Restaurant With Party Services, Restaurant With Private Rooms",Closed now ,Toronto,M5J 1S8,ON,"Since 1966, Exceptional Dining, Certified Angus Beef, Wine Spectator Award of Excellence, Steps from Skydome, Air Canada Centre, Convention Centre"
Bodega Restaurant Inc,"Bistro, Fine Dining, French, Mediterranean, Brunch, American Cuisine, Restaurant With Party Services, Extensive Wine List, Prix Fixe Menu",Closed now ,Toronto,M5T 1L3,ON,"Situated in Baldwin Village downtown Toronto, Bodega is a French cuisine. We offer private & semi-private dining for large groups & host formal events like weddings, anniversaries, & business dinners"
Astoria Shish Kebob House Inc,"Casual Dining, Greek, Mediterranean, Take-out, Online Menu, Reservation, Alcohol Served, Wheelchair-accessible Restaurant, Group Reservation",Closed now ,Toronto,M4K 1P3,ON,"For over 40 years, this venerable 'institution of higher dining' has come to symbolize the culinary qualities the Danforth is known for: great food, great quality, and great value"
Against The Grain Urban Tavern - Harbourfront,"Coffee Shop, Wine Bar, Pub, Continental, Asian, Canadian Cuisine, Indonesian, American Cuisine, Take-out, Restaurant With Party Services, Bring Your Own Wine, Oyster Bar",Closed now ,Toronto,M5A 0B5,ON,"Against the Grain is the latest concept bringing urban chic to Toronto's Harbourfront. Located in the Corus Entertainment Building right next to Sugar Beach, this Urban Tavern is p..."
Barrio Cerveceria,"Mexican, Group Reservation, Patio","
Closing soon",Toronto,M4M 1J3,ON,"Barrio Cerveceria boasts a stunning new patio in the heart of Leslieville. With the restaurant name meaning ""neighbourhood"" in Spanish, Barrio welcomes everyone from the neighbourh..."
Kalyvia Restaurant,"Mediterranean, Greek, Alcohol Served, Group Reservation, Restaurant With Catering Services, Restaurant With Delivery Services, Take-out","
Open until  1:00 am",Toronto,M4K 1P3,ON,CELEBRATING MORE THAN 20 YEARS OF SUCCESS SERVING AUTHENIC GREEK MEALS ON THE DANFORTH
Charloo's West Indian Foods Inc,"Crispy Chicken, Fried Crab, BBQ, Soups, Seafood, Poultry, Szechuan Style, Cantonese, Take-out",Closed now ,North York,M1R 1P7,ON,"Charloo's West Indian Foods Inc: All of your West Indian Groceries, Spices, Fresh Fruits & Vegetables, Halal Meat, Fish & Seafood, Fresh Roti, Cosmetics, Music &"
Dim Sum King,The Beaches,Closed now ,Toronto,M5T 2W4,ON,Small bite size traditional breakfast foods prepared to perfection at Dim Sum King in Toronto is what keeps the masses flocking.
The Big Carrot Beach Community Market,"French, Bistro, Extensive Wine List, Take Out, Lounge, Breakfast, Brunch, Daily Specials, Fine Dining, Comfortable Booths, Resto Bar, Online Menu",Closed now ,Toronto,M4E 0B8,ON,"The Big Carrot is a worker-owned natural food market that has been committed to local, organic, non-GMO and sustainable food systems since 1983."
The Big Carrot Danforth Community Market,"Mediterranean, Italian, Casual",Closed now ,Toronto,M4K 1N8,ON,"The Big Carrot is a worker-owned natural food market that has been committed to local, organic, non-GMO and sustainable food systems since 1983."
Carens Rosedale,"American Cuisine, Greek, Fusion, Restaurant With Party Services, Restaurant With Wifi Internet, Take-out, Restaurant With Delivery Services, Restaurant With Private Rooms",Closed now ,Toronto,M4W 2L6,ON,"Caren’s Rosedale is an elegant French Bistro with a relaxed formal atmosphere.

Chef David Nganga is at the helm delivering authentic French classics and daily specials with a Pari..."
Queen's Pasta Cafe,"Pub, Asian, Japanese, Californian, Oyster Bar, Bring Your Own Wine",Closed now ,Toronto,M6S 1N8,ON,"Come taste a delicious dish at Queen's Pasta Cafe. Discover a menu featuring a variety of pizzas and pasta, priced at 11$ to 25$. Their atmosphere has been described as casual. Com..."
Georgy Porgy's - North York,"Argentinean, Latin American, Restaurant With Parking, Restaurant With Live Entertainment, Restaurant With Bar, Breakfast, Wheelchair-accessible Restaurant","
Open until  2:00 am",North York,M4A 2S8,ON,Come savor a yummy dish at Georgy Porgy's - North York. They are open after-hours all week. You can get there by public transit. The neighboring location is notable for its parks a...
Hapa Izakaya,"Japanese, Casual","
Open until  2:00 am",Toronto,M6G 1B4,ON,"Voted 'Top Five Izakayas In North America' by Bon Appétit Magazine, topping 'Industry' and 'Readers Choice' Georgia Straight awards for Best Japanese in 2012 and Best Izakaya in 20..."
Sky Ranch Restaurant,"Bistro, French, Extensive Wine List",Closed now ,York,M6B 3P9,ON,"Sky Ranch Restaurant brings Latin food and flare to Dufferin and Castlefield. While breakfast and lunch menus feature mostly Canadian-style dishes, Argentinean and Latin items are ..."
Jz's Pizza,"Malaysian, Asian, Casual",Closed now ,Toronto,M5V 3W1,ON,Jz's Pizza invites you to their restaurant. They are open nightly all week and are readily accessible by public transit and bicycle. Come visit them in a location acknowledged as l...
D & Y Sushi,"Bar, Mezcal Bar, Restaurant, Tequila Bar, Burrito, Tapas, Taco, Mexican, Spanish, Alcohol Served, Online Reservation, Take-out, Reservation, Prix Fixe Menu, Online Menu, Ubereats, Group Reservation, Restaurant With Catering Services, Restaurant With Terrace",Closed now ,Toronto,M6P 1Y9,ON,"D & Y Sushi in the Junction offers a variety of Japanese dishes including curries, teriyakis and sushi selections. D & Y Sushi is open for lunch and dinner on weekedays and dinner ..."
Batifole Restaurant,"Restaurant, Tequila Bar, Bar, Mexican, Tapas, Tequila Bar, Restaurant With Catering Services, Restaurant With Delivery Services, Alcohol Served, Reservation, Online Reservation, Take-out, Group Reservation, Online Menu, Restaurant With Bar",Closed now ,Toronto,M4M 1Y3,ON,"Batifole Restaurant is an French restaurant serving simple, comfortable food without pretense in an intimate setting. For over 10 years, we have been a popular destination for resi..."
Soos,"Restaurant, Wine Bar, Indian, Restaurant With Delivery Services, Extensive Wine List, Restaurant With Party Services, Bring Your Own Wine, Restaurant With Parking, Online Menu, Restaurant With Terrace, Wheelchair-accessible Restaurant","
Open until  1:00 am",Toronto,M6J 2Z4,ON,"A new Malaysian restaurant, with its own East-Asian takes on standards like poutine, pancakes and wings, hits the Ossington strip."
Playa Cabana Hacienda,"Steakhouse, Fine Dining, Canadian Cuisine, Brazilian, Latin American, Buffet, Restaurant With Party Services, Restaurant With Live Entertainment, Prix Fixe Menu, Group Reservation",Closed now ,Toronto,M5R 1V2,ON,"This is the third incarnation of the amazingly successful Playa Cabana brand (the original, Playa Cabana, is in the Annex; the second, Playa Cabana Cantina, lights up the Junction)..."
Playa Cabana Cantina,"Greek, Mediterranean, Grill, Restaurant With Live Entertainment, Restaurant With Party Services, Restaurant With Bar, Brunch",Closed now ,Toronto,M6P 1Y9,ON,"Prohibition may have left The Junction dry until 2000, but Cantina is here to help the neighbourhood catch up. Our menu is filled with delicious tapas style dishes and we've redesi..."
Kamasutra Indian Restaurant & Wine Bar,"Italian, Restaurant With Terrace",Closed now ,Toronto,M4G 3B4,ON,"Kamasutra Written in ancient Sanskrit, (for the eyes of the ruling elite only), it's a doctrine dedicated to the celebration of love. Having studied it from every angle (purely for..."
Rodeo Brazilian Steakhouse Rodizio,"Fine Dining, Portuguese, Mediterranean, Restaurant With Party Services, Restaurant With Private Rooms, Prix Fixe Menu",Closed now ,Toronto,M4K 1N2,ON,The Rodeo Brazilian Steakhouse! We offer a unique dining experience like no other. Rodeo is an all you can eat Brazilian Steakhouse where the meat never stops. Our unique menu conc...
Christina's On The Danforth,"Pub, Sports Bar, American Cuisine, Trivia Games, Big Screen TV, Delivery, Full Dinner Menu, Patio",Closed now ,Toronto,M4K 1P6,ON,Christina's offers it's clients Authentic Greek and Mediterranean cuisine. Dine and dance to the beautiful sounds of a live Greek band (Friday and Saturday evenings). If you love d...
Factory Girl,"Bistro, Italian, Brunch, Kosher Restaurant","
Open until  1:00 am",Toronto,M4K 1N2,ON,Factory Girl has quickly become a favourite place to eat on The Danforth. Everything on our menu is prepared with the finest ingredients by our experienced kitchen. The menu featur...
Via Norte Restaurant,"Fine Dining, Italian, American Cuisine, Extensive Wine List, Restaurant With Terrace",Closed now ,Toronto,M6H 1A4,ON,Come enjoy a savory creation at Via Norte Restaurant. They are open late from Monday to Saturday and are conveniently reachable by bicycle and public transit. They are situated in ...
Hurricanes Roadhouse Restaurant,"Tapas Bar, Bar, Korean, Mexican, Fusion, Group Reservation, Online Menu, Take-out, Restaurant With Delivery Services, Restaurant With Bar, Full Bar, Oyster Bar, Reservation","
Open until  2:00 am",Toronto,M6H 1L7,ON,Hurricanes Roadhouse Restaurant invites you to their pub. They are open nightly all week and are readily reachable by bicycle. The neighboring location is memorable for its restaur...
Bistro Grande Restaurant,"Jewish, Casual",Closed now ,Toronto,M6C 2C5,ON,"This Forest Hill original wants to provide the backdrop to your next memorable restaurant experience. Here, a casual approach to extraordinary food means kosher dining at its fines..."
La Forchetta Ristorante,"Canadian, Restaurant With Wifi Internet, Wheelchair-accessible Restaurant",Closed now ,Toronto,M6G 1B5,ON,"La Forchetta equals quality Italian fare, right in the heart of Little Italy. The renowned 600+ wine list is a perfect complement to such tasty items as Goat Cheese stuffed Portabe..."
Barrio Coreano,"Japanese, Japanese, Family Dining, Full Dinner Menu, Group Functions, Online Ordering, Fully Licenced",Closed now ,Toronto,M6G 1K9,ON,The increasingly bustling Koreatown gets a new jolt of energy with this Mexican/Korean resto where delighted guests chum in close quarters overseen by an evolving chalkboard menu a...
Fat Pasha Inc,"Italian, Restaurant With Delivery Services, Take-out",Closed now ,Toronto,M5R 1V9,ON,"Fat Pasha, located on Dupont, is the third restaurant from chef/owner Anthony Rose. Focusing on Middle Eastern and Jewish cuisine, the menu features everything from schmaltz fried ..."
School Restaurant,"Japanese, Asian, Izakaya, Take-out, Confortable Booths, Restaurant With Live Entertainment, Group Reservation, Open On Sunday, Open Late Hours",Closed now ,Toronto,M6K 3E1,ON,"School Restaurant is legendary for our award-winning brunch, lunch and dinner, amazing patios, and great service. Our beautifully restored industrial space is cozy in winter and op..."
